number	label	image_filename
17	El Adelantado	adelantado.png
10	El Árbol	árbol.png
19	El Arroyo	arroyo.png
9	El Avestruz	avestruz.png
5	El Béisbol	béisbol.png
27	El Caballo	caballo.png
41	El Caminante	caminante.png
44	El Cantarito	cantarito.png
55	El Cempasúchil	cempasúchil.png
47	El Centinela	centinela.png
18	El Cine	cine.png
30	El Cofre	cofre.png
11	El Correcaminos	correcaminos.png
24	El Cotorro	cotorro.png
7	El Coyote	coyote.png
26	El Desfile	desfile.png
2	El Diablito	diablito.png
46	El Elote	elote.png
1	El Fútbol	fútbol.png
54	El Güey	güey.png
48	El Metro	metro.png
37	El Mundo	mundo.png
32	El Músico	músico.png
39	El Nopal	nopal.png
50	El Pescado	pescado.png
49	El Pino	pino.png
4	El Tenis	tenis.png
56	El Tigre	tigre.png
15	El Vecino	vecino.png
53	La Artista	artista.png
16	La Bandera	bandera.png
20	La Biblioteca	biblioteca.png
28	La Bicicleta	bicicleta.png
8	La Botella	botella.png
22	La Botica	botica.png
13	La Cachucha	cachucha.png
33	La Cafetera	cafetera.png
42	La Calavera	calavera.png
43	La Campana	campana.png
25	La Carretera	carretera.png
3	La Dama	dama.png
29	La Escuela	escuela.png
35	La Estrella	estrella.png
36	La Fiesta	fiesta.png
38	La Lonchería	lonchería.png
23	La Luna	luna.png
52	La Maceta	maceta.png
21	La Mano	mano.png
31	La Misión	misión.png
34	La Montaña	montaña.png
14	La Muerte	muerte.png
45	La Naranja	naranja.png
40	La Obra	obra.png
51	La Palma	palma.png
12	La Piñata	piñata.png
6	La Serpiente	serpiente.png
