number	label	image_filename	category
17	El Adelantado	adelantado.png	theme
10	El Árbol	árbol.png	theme
19	El Arroyo	arroyo.png	complex
9	El Avestruz	avestruz.png	simple
5	El Béisbol	béisbol.png	simple
27	El Caballo	caballo.png	complex
41	El Caminante	caminante.png	complex
44	El Cantarito	cantarito.png	complex
55	El Cempasúchil	cempasúchil.png	simple
47	El Centinela	centinela.png	complex
18	El Cine	cine.png	complex/theme
30	El Cofre	cofre.png	complex/theme
11	El Correcaminos	correcaminos.png	simple
24	El Cotorro	cotorro.png	simple
7	El Coyote	coyote.png	simple
26	El Desfile	desfile.png	simple
2	El Diablito	diablito.png	simple
46	El Elote	elote.png	complex
1	El Fútbol	fútbol.png	simple
54	El Güey	güey.png	theme
48	El Metro	metro.png	complex
37	El Mundo	mundo.png	simple
32	El Músico	músico.png	complex
39	El Nopal	nopal.png	complex
50	El Pescado	pescado.png	complex
49	El Pino	pino.png	simple
4	El Tenis	tenis.png	complex
56	El Tigre	tigre.png	simple
15	El Vecino	vecino.png	complex
53	La Artista	artista.png	theme
16	La Bandera	bandera.png	simple
20	La Biblioteca	biblioteca.png	complex
28	La Bicicleta	bicicleta.png	complex
8	La Botella	botella.png	simple
22	La Botica	botica.png	complex
13	La Cachucha	cachucha.png	simple
33	La Cafetera	cafetera.png	theme
42	La Calavera	calavera.png	complex
43	La Campana	campana.png	simple
25	La Carretera	carretera.png	simple
3	La Dama	dama.png	complex/theme
29	La Escuela	escuela.png	complex
35	La Estrella	estrella.png	simple
36	La Fiesta	fiesta.png	simple
38	La Lonchería	lonchería.png	complex
23	La Luna	luna.png	simple
52	La Maceta	maceta.png	complex
21	La Mano	mano.png	simple
31	La Misión	misión.png	complex
34	La Montaña	montaña.png	simple
14	La Muerte	muerte.png	complex
45	La Naranja	naranja.png	simple
40	La Obra	obra.png	complex
51	La Palma	palma.png	complex
12	La Piñata	piñata.png	simple
6	La Serpiente	serpiente.png	complex
