number,label,image_filename
12,El Correcaminos,calavera_no_label.png
1,El Elote,elote.png

net numbering	spanish
17	el adelantado	El Adelantado	adelantado
10	el árbol	El Árbol	árbol
19	el arroyo	El Arroyo	arroyo
9	el avestruz	El Avestruz	avestruz
5	el béisbol	El Béisbol	béisbol
27	el caballo	El Caballo	caballo
41	el caminante	El Caminante	caminante
44	el cantarito	El Cantarito	cantarito
55	el cempasúchil	El Cempasúchil	cempasúchil
47	el centinela	El Centinela	centinela
18	el cine	El Cine	cine
30	el cofre	El Cofre	cofre
11	el correcaminos	El Correcaminos	correcaminos
24	el cotorro	El Cotorro	cotorro
7	el coyote	El Coyote	coyote
26	el desfile	El Desfile	desfile
2	el diablito	El Diablito	diablito
46	el elote	El Elote	elote
1	el fútbol	El Fútbol	fútbol
54	el güey	El Güey	güey
48	el metro	El Metro	metro
37	el mundo	El Mundo	mundo
32	el músico	El Músico	músico
39	el nopal	El Nopal	nopal
50	el pescado	El Pescado	pescado
49	el pino	El Pino	pino
4	el tenis	El Tenis	tenis
56	el tigre	El Tigre	tigre
15	el vecino	El Vecino	vecino
53	la artista	La Artista	artista
16	la bandera	La Bandera	bandera
20	la biblioteca	La Biblioteca	biblioteca
28	la bicicleta	La Bicicleta	bicicleta
8	la botella	La Botella	botella
22	la botica	La Botica	botica
13	la cachucha	La Cachucha	cachucha
33	la cafetera	La Cafetera	cafetera
42	la calavera	La Calavera	calavera
43	la campana	La Campana	campana
25	la carretera	La Carretera	carretera
3	la dama	La Dama	dama
29	la escuela	La Escuela	escuela
35	la estrella	La Estrella	estrella
36	la fiesta	La Fiesta	fiesta
38	la lonchería	La Lonchería	lonchería
23	la luna	La Luna	luna
52	la maceta	La Maceta	maceta
21	la mano	La Mano	mano
31	la misión	La Misión	misión
34	la montaña	La Montaña	montaña
14	la muerte	La Muerte	muerte
45	la naranja	La Naranja	naranja
40	la obra	La Obra	obra
51	la palma	La Palma	palma
12	la piñata	La Piñata	piñata
6	la serpiente	La Serpiente	serpiente
