number	label	image_filename	shield_bg
44	El Cantarito	cantarito.jpeg
17	El Adelantado	adelantado.jpeg
10	El Árbol	árbol.jpeg
19	El Arroyo	arroyo.jpeg	#9AA7A6
9	El Avestruz	avestruz.jpeg
5	El Béisbol	béisbol.jpeg	#D28659
27	El Caballo	caballo.jpeg
41	El Caminante	caminante.jpeg
55	El Cempasúchil	cempasúchil.jpeg
47	El Centinela	centinela.jpeg
18	El Cine	cine.jpeg	#95B4C1
30	El Cofre	cofre.jpeg	#F9DBC5
11	El Correcaminos	correcaminos.jpeg
24	El Cotorro	cotorro.jpeg
7	El Coyote	coyote.jpeg	#F1A9A4
26	El Desfile	desfile.jpeg	#CFA451
2	El Diablito	diablito.jpeg
46	El Elote	elote.jpeg
1	El Fútbol	fútbol.jpeg	#A8B78C
54	El Güey	güey.jpeg
48	El Metro	metro.jpeg	#8CA3A9
37	El Mundo	mundo.jpeg
32	El Músico	músico.jpeg
39	El Nopal	nopal.jpeg
50	El Pescado	pescado.jpeg
49	El Pino	pino.jpeg	#9CB7C1
4	El Tenis	tenis.jpeg	#909881
56	El Tigre	tigre.jpeg	#89B2CE
15	El Vecino	vecino.jpeg
53	La Artista	artista.jpeg
16	La Bandera	bandera.jpeg	#FAEED6
20	La Biblioteca	biblioteca.jpeg	#D19449
28	La Bicicleta	bicicleta.jpeg	#E9DEC8
8	La Botella	botella.jpeg
22	La Botica	botica.jpeg	#A8B7AE
13	La Cachucha	cachucha.jpeg
33	La Cafetera	cafetera.jpeg	#94B0C2
42	La Calavera	calavera.jpeg
43	La Campana	campana.jpeg
25	La Carretera	carretera.jpeg	#CF9985
3	La Dama	dama.jpeg
29	La Escuela	escuela.jpeg	#C1714D
35	La Estrella	estrella.jpeg	#BE9692
36	La Fiesta	fiesta.jpeg	#E1BBAD
38	La Lonchería	lonchería.jpeg	#DFE9E3
23	La Luna	luna.jpeg
52	La Maceta	maceta.jpeg	#EED7CB
21	La Mano	mano.jpeg
31	La Misión	misión.jpeg
34	La Montaña	montaña.jpeg
14	La Muerte	muerte.jpeg
45	La Naranja	naranja.jpeg
40	La Obra	obra.jpeg
51	La Palma	palma.jpeg	#8A99A1
12	La Piñata	piñata.jpeg
6	La Serpiente	serpiente.jpeg
