number	label	image_filename	font_family	font_weight	distress
17	El Adelantado	adelantado.png	clarendon	regular	0.85
17	El Adelantado	adelantado.png	clarendon	regular	0.90
17	El Adelantado	adelantado.png	clarendon	regular	1.0
17	El Adelantado	adelantado.png	clarendon	regular	1.1
17	El Adelantado	adelantado.png	clarendon	regular	1.2
17	El Adelantado	adelantado.png	clarendon	regular	1.3
17	El Adelantado	adelantado.png	clarendon	regular	1.4
17	El Adelantado	adelantado.png	clarendon	regular	1.5
17	El Adelantado	adelantado.png	clarendon	regular	2.0
