number	label	image_filename	shield_bg
01	La Araña	araña/jr.jpeg
02	El Arpa	arpa/jr.jpeg
03	La Bailadora	bailadora/jr.jpeg
04	La Bandera	bandera/jr.jpeg
05	La Calavera	calavera/jr.jpeg
06	El Cempasúchil	cempasúchil/jr.jpeg
07	La Dama	dama/jr.jpeg
08	La Estatua	estatua/jr.jpeg
09	La Estrella	estrella/jr.jpeg
10	El Gallo	gallo/jr.jpeg
11	La Guitarra	guitarra/jr.jpeg
12	La Luna	luna/jr.jpeg
13	La Mano	mano/jr.jpeg
14	El Monarca	monarca/jr.jpeg
15	El Mundo	mundo/jr.jpeg
16	El Músico	músico/jr.jpeg
17	La Naranja	naranja/jr.jpeg
18	El Nopal	nopal/jr.jpeg
19	La Ofrenda	ofrenda/jr.jpeg
20	El Pájaro	pájaro/jr.jpeg
21	Papel Picado	papel_picado/jr.jpeg
22	El Paraguas	paraguas/jr.jpeg
23	La Pera	pera/jr.jpeg
24	El Pescado	pescado/jr.jpeg
25	La Piñata	piñata/jr.jpeg
26	El Pino	pino/jr.jpeg
27	El Puente	puente/jr.jpeg
28	La Rana	rana/jr.jpeg
29	La Rosa	rosa/jr.jpeg
30	La Sandía	sandía/jr.jpeg
31	El Sol	sol/jr.jpeg
32	La Sonaja	sonaja/jr.jpeg
33	El Tambor	tambor/jr.jpeg
34	El Tren	tren/jr.jpeg
35	La Vela	vela/jr.jpeg
36	Los Zapatos	zapatos/jr.jpeg
